cohort,field,disclosed,n,disclosure_rate
crypto_modern,cohort,13,13,100%
crypto_modern,status,13,13,100%
crypto_modern,verification.tier,13,13,100%
crypto_modern,style.primary,13,13,100%
crypto_modern,style.discretion,13,13,100%
crypto_modern,style.typical_holding_period,13,13,100%
crypto_modern,exit.initial_stop_basis,13,13,100%
crypto_modern,sizing.model,13,13,100%
crypto_modern,style.secondary,12,13,92%
crypto_modern,style.markets,13,13,100%
crypto_modern,style.timeframes,13,13,100%
crypto_modern,entry.archetypes,13,13,100%
crypto_modern,entry.confirmation,13,13,100%
crypto_modern,entry.filters,13,13,100%
crypto_modern,exit.profit_taking,13,13,100%
crypto_modern,risk.risk_per_trade_pct,0,13,0%
crypto_modern,risk.max_drawdown_rule,0,13,0%
crypto_modern,risk.loss_limit,0,13,0%
crypto_modern,risk.portfolio_heat_cap,0,13,0%
crypto_modern,sizing.typical_leverage,0,13,0%
crypto_modern,exit.uses_trailing,0,13,0%
crypto_modern,exit.scales_out,0,13,0%
crypto_modern,exit.time_exit,0,13,0%
crypto_modern,risk.pyramids,0,13,0%
crypto_modern,risk.moves_to_breakeven,0,13,0%
day_prop_traders,cohort,18,18,100%
day_prop_traders,status,18,18,100%
day_prop_traders,verification.tier,18,18,100%
day_prop_traders,style.primary,18,18,100%
day_prop_traders,style.discretion,18,18,100%
day_prop_traders,style.typical_holding_period,18,18,100%
day_prop_traders,exit.initial_stop_basis,18,18,100%
day_prop_traders,sizing.model,18,18,100%
day_prop_traders,style.secondary,11,18,61%
day_prop_traders,style.markets,18,18,100%
day_prop_traders,style.timeframes,18,18,100%
day_prop_traders,entry.archetypes,18,18,100%
day_prop_traders,entry.confirmation,18,18,100%
day_prop_traders,entry.filters,18,18,100%
day_prop_traders,exit.profit_taking,18,18,100%
day_prop_traders,risk.risk_per_trade_pct,1,18,6%
day_prop_traders,risk.max_drawdown_rule,0,18,0%
day_prop_traders,risk.loss_limit,0,18,0%
day_prop_traders,risk.portfolio_heat_cap,0,18,0%
day_prop_traders,sizing.typical_leverage,0,18,0%
day_prop_traders,exit.uses_trailing,2,18,11%
day_prop_traders,exit.scales_out,8,18,44%
day_prop_traders,exit.time_exit,1,18,6%
day_prop_traders,risk.pyramids,2,18,11%
day_prop_traders,risk.moves_to_breakeven,2,18,11%
market_makers_hft,cohort,14,14,100%
market_makers_hft,status,14,14,100%
market_makers_hft,verification.tier,14,14,100%
market_makers_hft,style.primary,14,14,100%
market_makers_hft,style.discretion,14,14,100%
market_makers_hft,style.typical_holding_period,14,14,100%
market_makers_hft,exit.initial_stop_basis,14,14,100%
market_makers_hft,sizing.model,14,14,100%
market_makers_hft,style.secondary,14,14,100%
market_makers_hft,style.markets,14,14,100%
market_makers_hft,style.timeframes,14,14,100%
market_makers_hft,entry.archetypes,14,14,100%
market_makers_hft,entry.confirmation,14,14,100%
market_makers_hft,entry.filters,14,14,100%
market_makers_hft,exit.profit_taking,14,14,100%
market_makers_hft,risk.risk_per_trade_pct,0,14,0%
market_makers_hft,risk.max_drawdown_rule,0,14,0%
market_makers_hft,risk.loss_limit,0,14,0%
market_makers_hft,risk.portfolio_heat_cap,0,14,0%
market_makers_hft,sizing.typical_leverage,0,14,0%
market_makers_hft,exit.uses_trailing,0,14,0%
market_makers_hft,exit.scales_out,0,14,0%
market_makers_hft,exit.time_exit,0,14,0%
market_makers_hft,risk.pyramids,0,14,0%
market_makers_hft,risk.moves_to_breakeven,0,14,0%
market_wizards_classics,cohort,30,30,100%
market_wizards_classics,status,30,30,100%
market_wizards_classics,verification.tier,30,30,100%
market_wizards_classics,style.primary,30,30,100%
market_wizards_classics,style.discretion,30,30,100%
market_wizards_classics,style.typical_holding_period,30,30,100%
market_wizards_classics,exit.initial_stop_basis,30,30,100%
market_wizards_classics,sizing.model,30,30,100%
market_wizards_classics,style.secondary,20,30,67%
market_wizards_classics,style.markets,30,30,100%
market_wizards_classics,style.timeframes,30,30,100%
market_wizards_classics,entry.archetypes,30,30,100%
market_wizards_classics,entry.confirmation,30,30,100%
market_wizards_classics,entry.filters,29,30,97%
market_wizards_classics,exit.profit_taking,30,30,100%
market_wizards_classics,risk.risk_per_trade_pct,8,30,27%
market_wizards_classics,risk.max_drawdown_rule,3,30,10%
market_wizards_classics,risk.loss_limit,1,30,3%
market_wizards_classics,risk.portfolio_heat_cap,1,30,3%
market_wizards_classics,sizing.typical_leverage,0,30,0%
market_wizards_classics,exit.uses_trailing,4,30,13%
market_wizards_classics,exit.scales_out,3,30,10%
market_wizards_classics,exit.time_exit,2,30,7%
market_wizards_classics,risk.pyramids,4,30,13%
market_wizards_classics,risk.moves_to_breakeven,0,30,0%
momentum_growth_equities,cohort,19,19,100%
momentum_growth_equities,status,19,19,100%
momentum_growth_equities,verification.tier,19,19,100%
momentum_growth_equities,style.primary,19,19,100%
momentum_growth_equities,style.discretion,19,19,100%
momentum_growth_equities,style.typical_holding_period,19,19,100%
momentum_growth_equities,exit.initial_stop_basis,19,19,100%
momentum_growth_equities,sizing.model,19,19,100%
momentum_growth_equities,style.secondary,16,19,84%
momentum_growth_equities,style.markets,19,19,100%
momentum_growth_equities,style.timeframes,19,19,100%
momentum_growth_equities,entry.archetypes,19,19,100%
momentum_growth_equities,entry.confirmation,19,19,100%
momentum_growth_equities,entry.filters,19,19,100%
momentum_growth_equities,exit.profit_taking,19,19,100%
momentum_growth_equities,risk.risk_per_trade_pct,5,19,26%
momentum_growth_equities,risk.max_drawdown_rule,0,19,0%
momentum_growth_equities,risk.loss_limit,0,19,0%
momentum_growth_equities,risk.portfolio_heat_cap,0,19,0%
momentum_growth_equities,sizing.typical_leverage,0,19,0%
momentum_growth_equities,exit.uses_trailing,8,19,42%
momentum_growth_equities,exit.scales_out,5,19,26%
momentum_growth_equities,exit.time_exit,3,19,16%
momentum_growth_equities,risk.pyramids,7,19,37%
momentum_growth_equities,risk.moves_to_breakeven,4,19,21%
options_volatility,cohort,14,14,100%
options_volatility,status,14,14,100%
options_volatility,verification.tier,14,14,100%
options_volatility,style.primary,14,14,100%
options_volatility,style.discretion,14,14,100%
options_volatility,style.typical_holding_period,14,14,100%
options_volatility,exit.initial_stop_basis,14,14,100%
options_volatility,sizing.model,14,14,100%
options_volatility,style.secondary,14,14,100%
options_volatility,style.markets,14,14,100%
options_volatility,style.timeframes,14,14,100%
options_volatility,entry.archetypes,14,14,100%
options_volatility,entry.confirmation,14,14,100%
options_volatility,entry.filters,14,14,100%
options_volatility,exit.profit_taking,14,14,100%
options_volatility,risk.risk_per_trade_pct,0,14,0%
options_volatility,risk.max_drawdown_rule,0,14,0%
options_volatility,risk.loss_limit,0,14,0%
options_volatility,risk.portfolio_heat_cap,0,14,0%
options_volatility,sizing.typical_leverage,0,14,0%
options_volatility,exit.uses_trailing,1,14,7%
options_volatility,exit.scales_out,1,14,7%
options_volatility,exit.time_exit,5,14,36%
options_volatility,risk.pyramids,0,14,0%
options_volatility,risk.moves_to_breakeven,0,14,0%
systematic_quant,cohort,18,18,100%
systematic_quant,status,18,18,100%
systematic_quant,verification.tier,18,18,100%
systematic_quant,style.primary,18,18,100%
systematic_quant,style.discretion,18,18,100%
systematic_quant,style.typical_holding_period,18,18,100%
systematic_quant,exit.initial_stop_basis,18,18,100%
systematic_quant,sizing.model,18,18,100%
systematic_quant,style.secondary,7,18,39%
systematic_quant,style.markets,18,18,100%
systematic_quant,style.timeframes,18,18,100%
systematic_quant,entry.archetypes,18,18,100%
systematic_quant,entry.confirmation,18,18,100%
systematic_quant,entry.filters,18,18,100%
systematic_quant,exit.profit_taking,18,18,100%
systematic_quant,risk.risk_per_trade_pct,0,18,0%
systematic_quant,risk.max_drawdown_rule,1,18,6%
systematic_quant,risk.loss_limit,0,18,0%
systematic_quant,risk.portfolio_heat_cap,0,18,0%
systematic_quant,sizing.typical_leverage,1,18,6%
systematic_quant,exit.uses_trailing,0,18,0%
systematic_quant,exit.scales_out,0,18,0%
systematic_quant,exit.time_exit,0,18,0%
systematic_quant,risk.pyramids,0,18,0%
systematic_quant,risk.moves_to_breakeven,0,18,0%
trend_following_ctas,cohort,20,20,100%
trend_following_ctas,status,20,20,100%
trend_following_ctas,verification.tier,20,20,100%
trend_following_ctas,style.primary,20,20,100%
trend_following_ctas,style.discretion,20,20,100%
trend_following_ctas,style.typical_holding_period,20,20,100%
trend_following_ctas,exit.initial_stop_basis,20,20,100%
trend_following_ctas,sizing.model,20,20,100%
trend_following_ctas,style.secondary,5,20,25%
trend_following_ctas,style.markets,20,20,100%
trend_following_ctas,style.timeframes,20,20,100%
trend_following_ctas,entry.archetypes,20,20,100%
trend_following_ctas,entry.confirmation,20,20,100%
trend_following_ctas,entry.filters,20,20,100%
trend_following_ctas,exit.profit_taking,20,20,100%
trend_following_ctas,risk.risk_per_trade_pct,6,20,30%
trend_following_ctas,risk.max_drawdown_rule,5,20,25%
trend_following_ctas,risk.loss_limit,0,20,0%
trend_following_ctas,risk.portfolio_heat_cap,5,20,25%
trend_following_ctas,sizing.typical_leverage,0,20,0%
trend_following_ctas,exit.uses_trailing,9,20,45%
trend_following_ctas,exit.scales_out,4,20,20%
trend_following_ctas,exit.time_exit,4,20,20%
trend_following_ctas,risk.pyramids,7,20,35%
trend_following_ctas,risk.moves_to_breakeven,0,20,0%
